Node ID,Output Values
0.19407061602281406,[object Object]
0.9282406088660826,[object Object]